user,index
aswindblows,25
farahh_02,34
najemalmayahi,60
AIIAmericanGirI,172
chang40,185
tipstw,231
FuntomHeirs,278
Besande_03,299
HEDGEenergy,362
Seanadamsmodel,404
Loseryeah90,428
prespolitics,492
ArmaanMalik227,517
SeketricBarnes,518
Aa_ii6,547
ralaan65,567
JusMuzic2,596
Abbas_AlSaeedi,598
_rr2r_,640
hestarrs,655
hana_nrl,707
AMagicalChef,714
EslamEl00641467,812
ratuyuliantiii,838
DarllisonDani,854
FLREinvestments,856
natsgbs,887
Marcell67408633,1029
GordonTrema,1089
prajabheri,1114
MenekGulseren,1130
GreenEyeDemons,1139
SMURF_MUSIC,1163
alealemx,1176
richlinford1,1187
m_girado,1210
DailyLyricsRap,1213
Almightyk9,1262
agelcavarera1,1272
Gb_favelado,1280
ra__55y,1318
alwatan_eg,1323
GatesRobin,1351
jkramer357,1426
alwatan_eg,1433
alwatan_eg,1457
marilenephipps,1499
rajeji,1517
engalizain,1597
JusMuzic2,1616
KyManInTheWoods,1626
chloe_a_w_,1645
gamexco,1661
setelkol1186,1708
Beautiful303030,1731
Oo608Oo,1743
GreenEyeDemons,1805
ad3ya28__,1811
Lindalu827,1836
Mania_dasFestas,1853
MuhammedAlimi,1875
bintusoleh317,1888
4444444g4,1979
tmsnbb,1988
waqarwapas,2007
SolimanCi,2118
MirauderG,2123
ralaan65,2125
PBieber94,2148
KyManInTheWoods,2170
rikknives,2186
rikknives,2190
binarysignals_,2229
BIJINSAMA,2252
elephantaddr,2279
NonalynCoronado,2301
fishcakedotmp5,2392
Richard96860426,2412
fcV9E6RCBixJJiT,2437
Aa__7__7,2459
clairefontain14,2471
ahl1313ahl,2489
Runrunenergetic,2521
MiriamSBishop2,2547
tmsnbb,2576
BillSklodowski,2751
relansarwar,2775
WalnutportCom,2850
WalnutportCom,2872
uwxQDEcsB3bzWY9,2895
SameerahZ,2945
thatgirlsandra5,2974
VR_WatchX,3000
tmsnbb,3026
candisings,3029
Knaresh33839670,3035
Shadow_Maga,3037
clairefontain14,3041
AvaGibson88,3054
Justice05573227,3058
MistakeAly98,3164
beatrice_maren,3265
IAMPHONY,3332
KalmalaArasappa,3338
maiisuun_,3340
Luza77593460,3384
MelanieJaxn,3397
AIIAmericanGirI,3399
AvaGibson88,3405
Anm_Amuhinamori,3466
successdotinc,3474
hopex110,3488
BlackMonbebe,3543
jaringacara,3551
QIrane__,3650
AMagicalChef,3712
ooyy390,3715
Buzz16uk,3744
TRUMPWATCHNEW,3757
JusMuzic2,3767
Thor4306,3800
MeeraSh81747943,3805
Llbmaga,3837
FreelsCl,3853
Lupnto,3883
QIrane__,3893
TEMPLONUEVO_24,3963
amyra90511,4001
richlinford1,4019
Hesham_Amer77,4103
ALKaser62,4133
Nurfaridah960,4163
Dasha19901,4186
GasTancredi,4203
Kuniv_F,4219
EverBestFilms,4230
WalshJames78,4253
SpotdogWright,4259
USAF77David,4261
QIrane__,4271
MagnusonKarl,4297
romero_forense,4309
DilettoShoesCom,4335
ULInshtWZy3h5df,4336
alialkhaldi1996,4385
thresholdend,4430
QIrane__,4448
QIrane__,4530
msharihussain,4542
April1994n,4619
CornerOnthe,4626
QIrane__,4634
pisgahblue,4637
AhmedAbdall120,4707
Almightyk9,4714
QIrane__,4744
IancuVladim,4745
MiriamSBishop2,4771
WashDCInsiders,4801
wCmfHHLiUAPHiOe,4835
tmsnbb,4839
Mohamed_Arafa10,4842
JusMuzic2,4859
patentriff,4863
wCmfHHLiUAPHiOe,4896
QIrane__,4897
badraambri,4898
rikknives,4941
Quran_kreem9,4949
wCmfHHLiUAPHiOe,4950
tatarats,4955
eulfernando,4956
AlshameAbud,4997
arab_jaeyoon,5013
tomlebar,5030
romero_forense,5052
Chiaraaca,5117
Alanood0k,5118
sportlikegr,5125
F1DWJAUrK76FkKY,5151
vgnrbushee,5181
oyunlar1com,5219
mehnazt,5264
Hesham_Amer77,5322
romero_forense,5365
PrincessOfEvil0,5399
Anti_MSM_News,5423
6IXLAND,5428
AlsakinEisa,5451
oii89_,5517
rashdnqbi,5576
NFH_0806,5599
VetWithACause,5638
reidoadesivo,5659
AhmedAl31280246,5712
FSHN_KW,5714
gericooo20,5736
deenie7940,5857
Gander_News_c2,5858
pyxiGDPRteam,5859
pyxiGDPRteam,5866
Pregador_jeffer,5870
pyxiGDPRteam,5874
romero_forense,5877
pyxiGDPRteam,5879
JerryBeets,5902
Junga_II,5908
DogdogDougui,5929
EPlimitlesss,5964
AMagicalChef,6007
JusMuzic2,6011
LoLe9552,6020
RyanPat42272442,6028
Gd068QoxobaUh2s,6173
nutjob,6202
LadyRedWave,6213
NorAziz60734742,6223
GeorgeG12586966,6287
Hesham_Amer77,6332
DuganShotter,6345
prodoehlvk1,6357
BLuisbraille,6385
tmsnbb,6393
aaqr74,6400
KarrieElisheba,6410
ngHng75808972,6411
yoontthi__,6448
reaIistic2,6476
AndrianMarketin,6485
LucilleSurvivor,6561
Overseaspakist8,6581
LSCStudentSenat,6587
FLNewsHeadlines,6591
negrura7,6612
Twiter_Foll0w,6652
akinsaatdnz,6654
AdamLaxaltNV,6663
dog10dog10dog10,6668
4444444g4,6681
Harrisontkmhg,6730
sms2769272,6735
SouthClub_THArg,6760
akinsaatdnz,6770
stalkerpractice,6808
ahl1313ahl,6918
GinaBarros13,6920
AnniceWoolvert1,6930
reaIistic2,6934
Bt_D628,6945
Almightyk9,6959
HIGUAYANA,6963
akinsaatdnz,7010
AMagicalChef,7081
akinsaatdnz,7085
LanaBintadiaz,7147
Hossam99602262,7156
majeco2010,7208
melllll66095933,7211
Office_shops,7232
giocarmon,7249
H1p0p0,7274
KARIMMADJRI,7278
gunrightsupdate,7368
akinsaatdnz,7377
akinsaatdnz,7450
Rachana13kar,7470
SocialMedia_707,7483
Zir013,7525
mmd1471,7536
Meytabithahana,7541
hitokoto_meigen,7556
meigenn_meigen,7557
kinxbitz,7563
yarukigaerai,7585
samialswaelem,7607
purasuninaseiko,7618
1415B7raldm3,7639
theforexguyKE,7668
77xpp,7677
marve_rita,7712
eslam32mohamed,7811
dra_albarran27,7835
VickieFindley2,7836
SyrupJustin,7900
AMagicalChef,7924
JusMuzic2,7925
Angelonegros,7934
HinrichsenToni,7958
ftblmom2,8058
VickieFindley2,8089
pazthepro,8107
JannaWilkinso69,8138
akinsaatdnz,8157
moriahh00490908,8177
nb_11111,8238
akinsaatdnz,8243
r17606625,8301
tiapoum,8328
Almightyk9,8382
JniorVlad1,8385
NotaryTips,8390
skonalm101,8397
bethanyawatere,8434
Torq_Metro,8449
achourdjellabi,8465
akinsaatdnz,8469
TkoenigP,8489
MicheleGerren,8494
cure8or,8508
tmsnbb,8517
FMA_INA,8524
SaraSbean,8542
inittowinit007,8555
akinsaatdnz,8561
LindaCone7,8562
RedSkittleBlue,8586
Dropout2Travel,8594
Hot_Sophia_Emma,8604
SaverioMarafiot,8631
linschuba,8653
Kanekicodes,8683
mashail009,8711
TeaSippingBarb,8725
LaurenTheOwl95,8731
ImShawnLittle,8745
akinsaatdnz,8773
9990007054in,8798
realumarfan,8800
hub4hugs,8813
AlmenAbreu,8815
akinsaatdnz,8850
JusMuzic2,8853
evilberniefan,8858
Sanjeev43949866,8893
mommyatlast1999,8985
AnnaBD20,9025
5078c612e33a405,9044
USAF77David,9053
45Quickdraw4,9054
Nurfaridah960,9060
AreLocal,9069
akinsaatdnz,9093
Patriotmom2one,9107
TkoenigP,9118
Utakawaii,9127
lipskillyent,9165
PrabishDangi,9175
akinsaatdnz,9193
socnew1,9196
AJRElectionMaps,9200
AJRElectionMaps,9201
s1m9a7i5l,9227
unlimited_k,9241
Sonyvaio70,9247
bxbxlzinha,9258
YaraMZayid,9276
vitoria12364,9344
milesjames20001,9359
newstimeupdate,9384
RahulDa45699244,9398
akinsaatdnz,9425
Bamafanaticfan1,9453
dianenguy,9470
mooht00n,9483
IAmLonelyBeats,9484
TheDapperDesign,9511
akinsaatdnz,9513
de42bd6b0b0347a,9514
TheEndTheBook,9515
Mp_hyper_tiger,9557
760barry,9579
3379ec0108124bd,9587
DisgruntledVetz,9588
tmsnbb,9618
JusMuzic2,9695
sahar_fanatsah,9719
HinrichsenToni,9725
hangoutmiami,9754
AlbJata,9763
Quandtavieestd1,9851
Hedgely,9899
AnushaDarla,9964
ra7mak_rabii,9978
tmsnbb,9979
ARM_squad,9982
sahar_fanatsah,9985
