user,


Greghje0001
DigitalRoblox
goldenpuppss
PaulaPo37019600
DianeLong22
PaulaPo37019600
Boyd_2650
Scharb01
_woudi
Jessica52098805
Jessica52098805
RafaelTedCruz2
MayaLestartari
RafaelTedCruz2
btaylor_jr
RafaelTedCruz2
RafaelTedCruz2
RafaelTedCruz2
RafaelTedCruz2
RafaelTedCruz2
RafaelTedCruz2
RafaelTedCruz2
Bamafanaticfan1
beckybu04429881
thenationsrage
nautical12
TimothyJoel
nautical12
mackobe
rijhan2015
nautical12
nautical12
nautical12
WyverShago
Bamafanaticfan1
MarkExDemocrat
ActorVagai
yukirezpect4_
Popwinyou
Boyd_2650
Boyd_2650
ezcurrarondonlm
ibrahim28785658
judaica007
ChrisMo37540912
johnsrud_petra
ImDanielAddison
wwas703
torresa72
Truizm_RestLo
iamqueeyano
williamriyadi92
HSara1975
Megavolts001
00222317L
Rajkumar76652
Kwadwo49838108
Pknewman2
Allenlapp
padotnet
atrustynote
Rajendr05919377
DuncanGeorganna
jshakka
yukirezpect4_
MichaelSonofYah
BgpxS
Murugan27993955
sheliaarcbg
sushiiiiieee
jessicaumali8
rkrzjg
NickelBeanz
RamzanSadaf
ChaniagoIdham
bigboy77sot
TedCeal
vocaloidrocket
gayle85070173
ITTECONSULTING1
ManBearFisH35
Nik_Kiseljak
DaveA51947713
RuiRpp
HarryOy1
themmm
fivechapman
Heronetster
uraniumreza
KALPANA89561831
JoeyDoyle100
lilbulli1031
chiefliam1
beornblack
RobertBradleyJ2
PamelaRouse12
briangriffin022
DFBHarvard
cal_64
Drbob444
ltc1979nurse
OurVoice911
GRagbansingh
fordmb1
TheTestyTarheel
supra1Bqteam
PatriotJenn
EdBaker3000
wa7dminalnas
yvintageperfume
AlicesDaughter
ImReganSmiley
MuhammadOrville
daballa28
niviaamin
MikeM71618293
Daisy49103
KuetherTami
UWS_DWF_USA
JAYARAMJAYS
SohaybZoabi
plantymcface
YawehYeshua
ToscaAusten
superyayadize
DonWhitaker16
VarsanaBaum
boblund1951
VetWithACause
WilliamQuake1
flippinsuzy
turnerr1979
Chicago1Ray
MeldeLawrence
MEnders111
jihad_christian
Boyd_2650
sean4m
ronrbingham
shameem68904553
zigzagman22
Ahrabelle1
BridgetKF30
suxufi_ridwan
ScottNC24
RisingRose71
ABKei2803
Steffs_tweets
RosenbalmMR
gr8tjude_08
_Fapscap
elynnhardi1
Amegi_123
guy1492
alifeafterdebt
TammyTrietch
WyverShago
rihel_donald
lisa41364891
kcscouts
MaggieWrigby
tedeoliver
MissILmom
DrEtiquette
DgEntertainepal
thenationsrage
PeterBALAZS6
guineo49
Nexxt_Stalgia
Nurse92RN
c_siera
ExmcgeeL
1rsleary
Eliz_Hightower
DeGOYable
donjone38970700
anl_simha
StormResist
JanetTxBlessed
Kate35025607
HillbillyTruth
techieteri
MKHardin2
bigassw3
MichaelSapir
SchmidtkeDiane
CEYooper
UPGuy3
SassyT_Joy
IDIDITMYWAYNY
swsharpe3
michaelleves
SKEETER0205
Kampa07295640
JerryBeets
ElizabethBotros
harjo111
gs5qxoUhaAMimV0
RonMyers98
MsLoco2
EdwardJHG2003
RobertRuban
enobhe2
_fr3da
klmrngrz20
accardi_joan
mohamedelsonii
mbah_darmo_imut
ayshah03_
ShubhadinFdn
lizetteacevedo4
7BQiUHSPYjStVOh
rashelmilan12
joymefans
ata2dtoo
GentleFrank
rovenware
JohnCra45968947
MohamedSabiha6
Strxvk
RoaroftheLion8
kay89266490
Gereksizlnsan
NEIL12W
Emcgr3Ed
GaryGravey
valiente_jem24
Radhesh82113809
kjross1970
Real_AzKyle
karenev27844904
ConcrndCtzn0171
TrumpsterSteve
UniteVoteRed
jdr2jdr
Lillian17382908
larry_sizemore
QCAResale
PatrioticVa
my2atoday
prayermaxx
AIIAmericanGirI
jo_larkins
ClemDawson
preeyanuchpapar
lyndiejay
SharrDonald
Rise_Soar_BFree
CLWAL02
Abbellicious1
magaxxoo
LA_Strain
michaelleves
Drbob444
Khaaalilmjk
AzadeRad1
ElliotMukazika
ericmuscle1
DrFahimQaisran1
NavMan_CanDo
GmanFan45
cs00582scs
mandymendez90
briantopping66
jkw1776
rnaia
AIIAmericanGirI
carolyn86452721
StanisGardiv
stump54jumper
patriotsnewscom
Geoff90693665
DGPurser
RoyCox25810490
ShimonCleopas
RL9631
anl_simha
stein_v
Sona_322
Russell_941
Nana44549887
MYTQIN
JEB34819042
cabbac6
Boyd_2650
edith_aunt
JEEPREISENDE
559_859
brenda_lummus
baalter
fckth3police
profJoe007
JJDanceN1
Terryho82092503
elynnhardi1
Lah_Supernova
thenationsrage
Real_AzKyle
prosepat
DS91237841
Landman1141
pisgahblue
JoeyDoyle100
51n2_
sheshh9
1LeahRaHa
RAJIB_BNG08
1Malik6
FukuDTrump
TinyTrump12
HarrellRyan1
Indrawashingto3
UWS_DWF_USA
MVellego
brianbos15
ruzkie117
DouglasBess2
PAccaria
JewelsJones1
GatesRobin
AJBforTrump
Abdullah_of13
Dozer1226
ltc1979nurse
ice_connie
TRUMPMOMENTS411
Phishie_Philly
austinjhearn
MarkMuller01
zapata_max
light98976
rnlynn1958
jpyoung27
LindaLindajade2
SeacoWalt
Wills_Place
Jesantony1
JoanofAmerica
Bigfootbud
CarlosC48598367
kb_maga
Me6361
lauriewalters83
RosenbalmMR
Yancy4Yancy
wanderlusterOTR
Sweet_PeaBelle
FurquanSheikhs
supra1Bqteam
MuzikManCo
2018MAGAMidTrmT
PayAmericans1st
ClemMasse13
Robertcassell51
TheSilentLOUD
PoojaMa40576743
tdalejones
joel_capizzi
LoriLibbey
Real_PeachyKeen
uhomeschool2
ernie_plumley
KarlsbadSun
Chuckstarr
KatStarforTrump
larryfd
ItalyGVacation
bolanbalin
Maggieb1B
michaelleves
LosophyPoo
johnspurayidam
Miminorton9
trumpology
WSCP1
RNcat50
DMar11078950
harleypartsman7
Chicago1Ray
Swamp_Fever2020
TushabomweAshi1
Nappers824
pastorkengeer23
shzwnhaql
Bamafanaticfan1
3hoodalkhalifa
charcoal1079
iamnotsorry1776
KMGGaryde
RobWalk99781872
Landman1141
abdulwadood834
fakejones2
JDean9111
DarrellRMcbride
crolison21
daddy_epic_bae
SassyT_Joy
JohnMcGeever70
mbey_jacques
leftovergravy
James17431597
Amegi_123
ogtrekkie
SteveChojnicki1
Llbmaga
MichaelT_45
UBestlinks
DanMoskel
HarryOy1
LeftwingGoalie
Goodbaad417
Boyd_2650
shiplyka
bob_swank
clayson4908
SylviaLindley4
WyverShago
letsrollamerica
ipalacios24
ZimmermanDerik
anacabmen
trumpstrong17
steelman_chase
mediatard
EzraMcCampbell2
RidgeKayser
NSmartass
JJDanceN1
LuisFPR
CLWAL02
Snickers45
DJTsavesAmerica
sndaclitr
tylerol20244150
_theOutpost_
BeverlyConserv1
MelanieSiegel16
ImDanielAddison
JipOnwheels
MikeZito9
bladechini1
BlueEyedTweetie
Reemaafahad
RondaSummerlin
onlythelonelyto
JVER1
GGODJ
RaymondLewis8
abelincoln91
DrshambhuPatel
pete19568806
RealDryHeat115
ujjal095
joel_capizzi
whoseurtwit
Daisy49103
ElleHart2Hart
RASSAM1001
MelanieMetz6
richardmclaugh
LibertyKenney
1LeahRaHa
momy5ca
Charles25725028
CFNConnor1
dohmite
God_SpeedUSA
realscottchyang
Lindalu827
KarlsbadSun
LINKzLINKz2323
Darrylb381
coryisdrunk
BharatV20915377
Sta1tOfLiberty1
TenmanTheres
FaithHammett1
Madjamfree
tamimaars
Rosemar06585176
SiquijorD
LoriMillerTX1
MichaelSonofYah
Bibo_Matr
ConservativeCop
cordeboer3
alya_kenny
kauanGamerBR12
ElizabethBotros
ashraful_asraf
CarlaColorado
TrumpWeTrust
am_beauf
kyalowycliffe5
OrenIShiKiddo
KaufmanSheli
Vetteman42
richzola1
AngelRoshul
speacialedd
DaveVamosi1
YourCaLarity
brad09876434
LeboisDuLoup
JudithCrichfie1
sangstar1news
terasidhusingh
joaomedeiros60
NeextXGamerOver
PaulJackson8080
WayneWidmer
UWS_DWF_USA
sonya_owly
Cali_Tracii
Palmbeacher57
YawehYeshua
RonnieMeadows5
Ceasar9999
MEnders111
CheerGreg
Rwa21851231
chiefliam1
msuzanne2234
fw_hp1
GopeshBhardwaj6
SohaybZoabi
spunkkee
ImDanielAddison
mduzzalmolla
elekonsult
Drbob444
JanahitamTV
pisgahblue
pressnewstv
BruceJo48327088
ladydiblu1
VolpiBill
CadSketch
Bamafanaticfan1
VeldaMcConnell2
RichfordLynn
krob2
pwitunski5
renan202
shaaaaalys
NotYoursIsTaken
Go45MAGA17
TheLazyBrownie
VibeCouncil
Stephen_Faris
UsJesusfreaks
Amegi_123
AF_Storage
dawn8_dawn
AbdulLa13122432
ROONYSAR7AN
smartmouth2you
LPTRADINGCO1
Boyd_2650
zormna
constance_813
MANNEHEDDY
Zieyla921
thenationsrage
Daisy49103
alhazmi2195
byoshi94
ReallyAwakenNow
JamesFarley1
RNRTexas
Resilience8448
Angelsa11986073
warrenarhodes
michaelleves
ArnaldoAmaya6
carole7544
GroundsGalen123
RaymondDeese
C4touneGaming
joymefans
Ainnoyu
Bugzy2341
awlatlanta
yukirezpect4_
ShimonCleopas
pisgahblue
pressnewstv
VolpiBill
BruceJo48327088
ladydiblu1
CadSketch
Bamafanaticfan1
donjone38970700
VeldaMcConnell2
Markw4mms
RichfordLynn
PhyllisKingSpe1
krob2
fw_hp1
pwitunski5
renan202
shaaaaalys
NotYoursIsTaken
Go45MAGA17
TheLazyBrownie
VibeCouncil
Stephen_Faris
UsJesusfreaks
Amegi_123
ROONYSAR7AN
AF_Storage
dawn8_dawn
AbdulLa13122432
smartmouth2you
LPTRADINGCO1
Boyd_2650
zormna
constance_813
pisgahblue
pressnewstv
VolpiBill
BruceJo48327088
ladydiblu1
CadSketch
Bamafanaticfan1
donjone38970700
VeldaMcConnell2
Markw4mms
RichfordLynn
PhyllisKingSpe1
krob2
michaelleves
ArnaldoAmaya6
pwitunski5
carole7544
GroundsGalen123
FloridaJFuller
RaymondDeese
C4touneGaming
joymefans
Ainnoyu
Bugzy2341
awlatlanta
yukirezpect4_
ShimonCleopas
ABKei2803
trumpmagakag
zkdlinhusband
WarriorofGod97
JVER1
ron_hutcherson
wink_nod
rodriguezvrr
Amegi_123
fw_hp1
RoseDC11
JoinPatriotify
ChloePr89384623
UWS_DWF_USA
DoodIntellectu1
modenasport2
suze551
JohnHanko1
michaelleves
suze551
JohnHanko1
michaelleves
RafaelTedCruz2
silver_fox9
mageau_m
uhomeschool2
OldManStoneZone
SassyT_Joy
AIIAmericanGirI
Kpowell196056
ScottyPreston1
brenda_lummus
PoliticMemeDude
InoveBem
CareNormal
DrRamos20
Anthony55290390
HusskeDavid
KalebPenbury
MikeZito9
Darrylb381
kenbartleyaz
WillOfThePeopl5
mild_takes
papamc01
Amegi_123
Smithlori63
KimKimmiemccain
General80327031
kimmwaters4
FarhanNaushad5
DeeDoloresRuss1
funkmusha
HMLoeschMcK
Thom_Thom9
skyhookband
hunmmningbird
Huzee1
_OneSexyGirl
Boyd_2650
CEYooper
UPGuy3
Rh_NycTg
cking4977
shyierow
jlee1257
aliciasalas1018
weich_casie
originaljipssy
YeshuaOurKing
MRDIRK49
bob_swank
boblund1951
fw_hp1
Texasbasset
UWS_DWF_USA
cindy89409250
1ridha
JSalay4
JVER1
BruceJo48327088
Hairbrain10
Billymills31
ti_momori
mrpeacemathew11
Texasbasset
ews886
UWS_DWF_USA
cindy89409250
1ridha
JSalay4
JVER1
BruceJo48327088
crimsonfaith88
Hairbrain10
Billymills31
ti_momori
mrpeacemathew11
JennyDees7
SharesTelugu
MikeZito9
webanalyst3
pbs0033
HLAurora63
Darrylb381
ruzkie117
perossmeisl
Ken825Rogers
ObviousTruism
ltc1979nurse
bayu_adhitya
v9NKalW8Y2Kcniz
realBruceWise
RonaldReasoner
AIIAmericanGirI
D1956C
ata2dtoo
staylor2265
Amegi_123
SurvivalNews4U
NamCandy
griff4d1
myraaa_r
AIIAmericanGirI
Intersexindian
TexasgrannyJ
melissa5215
SassyT_Joy
MYTQIN
MikeZito9
pisgahblue
RCJETTE
ImFantasiaGold
David_Cook1972
DebraMMason1
klouisgs
SlPublicservice
ka_ew_pk
Retrostating
zanetti_gabriel
TheSilentLOUD
gspatton007
_Sxhahd8q
tarerus
KimWelzenbach
MRSLDUCK
bahamamills
ruzkie117
staceydiouf
Anime24Gold
MAGAmarlonn
NaraGom70271487
trumpstrong17
Thomasr54442621
cruz316524
sappermartin
TheRealJeepin2k
marve_rita
RocketSyenz
WithMarlon
lovebaldeagles
WhirleyKim1
Beergutsbarbell
gunnyetm
gbdrouillard
fit4aqueen3
richard_shakour
KathaleenHarpe9
Daisy49103
suhaib_1996
Redhead4645
Evenstar888
Shelda21246445
4HimAloneWeLive
beth2_k3a
smart_whit
Woke2008
RobertHamza8
Nadirzaidi9
iamnotsorry1776
TayebHammam
gregun1
BladeOICU812
Joe98290712
jlm44k
SimmiLebeau
Maryfree5
Bogies16846564
UniteVoteRed
Andytx6
fw_hp1
nnorist
mary_poff10
Dianeli25262531
joel_capizzi
rhondaabrons
naderkay0
AyaWael_74
ugottasec
AngelRoshul
eurowheelz_usa
biffnater
CalWhite18
BeachGatorFL
wael_hamad_kh
DanMoskel
SteveChojnicki1
Joel20000017
UWS_DWF_USA
baalter
am102358
DJNazSD
AngieTh76635969
Russell_941
AmericasMullig1
BiggDelicious
Rafaalavarezj
JimEdelen1
Navy_Lady_45
Spellunker_
tsunami106
njc0217
kjross1970
thecyruschase
SSGDJDaily
fannon10
sila_cott
gerfingerpoken
PaulaLanier54
5228027s
LifeNewsToo
mxmagness
mvirgilio99
GmanFan45
eyerighton18
MWander8
hamadaemam757
Odat80Sherri
KileyJesse
VetWithACause
herewearethere1
BradyPhelps9
StevenS12161098
KARIMMADJRI
Bamafanaticfan1
PILLSNPOTIONS97
BatmanisElvis
ChadBLarsen
PowerTaking
Trump454545
Blackdi51264299
SueKrattiger
CrookDames
hynzify
ChanceAfolse
SnewsHound
JayneQPatriot
_sendurconfes_
emfvet78
HeavyMetalRulz
Johnny10559479
ChucksWife1973
AliBinA84977840
H2oVolk
pierredelaport2
EiJheiGamer
Chicago1Ray
JohnBer1191
PatriotPennsy
barsky_peter
KyleFtWYT
Mygreytloves55
OmaWao
Navy_Shellback
thobansanchez
PJudianne
AnnettaJensen6
HaithamMkaouar
athey_bobby
DeplorablAnnJoy
OneVoiceUS
ltc1979nurse
MoneyGreatIdeas
roz917
Mobile_Gamer543
limeflashlight
jkw1776
MarySueMarhenke
PetMikRan
tamara7958
michaelbeatty3
HarryOy1
wmg45
JodiLynne11
LidoRaposo
Lucrayfray443
MscolC
oilfieldmafiaog
marcus0986o
calderaObededom
ImDanielAddison
megamanifesto
DianeMo24012416
guisseppi2
KatherineElsis
RealDryHeat115
oldman19380958
SallyDeal4
Citizens4Trump_
ImReganSmiley
ls7jones
GlennFHoward
GarbagemanFss
t__ara93
AnnInquirer
BNFriendly1
DylanWe41502298
KennethSHall2
Briteeye777
074n5moodiego
2018paulrevere
blanken01
elmtaztaz
Teodosi93446286
3Dwedge
genderisnt
baggygman
NorsePole567
DavidMc85700053
MoskelDan
ZahlerJennifer
BroMark1611
scarbro_k
Luana89433955
WilheminaFoxx
Jlsteerehotmai1
my2atoday
cealinas
HyltonRobin
Jlsteerehotmai1
guisseppi2
cealinas
hoor_hus
BrentLe53707416
harleypartsman7
Bamafanaticfan1
VetWithACause
scali_gianna
SBradstrea
Mariatweets3
GarbagemanFss
t__ara93
emfvet78
NjJarod
UWS_DWF_USA
HarryOy1
MoskelDan
Cdeeman123
MagPie0702
Grayoldmanjs
DEbiker11
Nourhan44324157
GordonTrema
AstrologerDawn
JeanneInTexas
ZnaTrainer
thefanlove2
keely_lacy
ImSandraCasey
scarbro_k
sness5561_ness
laurape00486139
bonniemurphy
t__ara93
MoskelDan
PokeyLion
RexNewkirk
Pismo_B
ItstheClamp
CynthiaLucasMo1
jackiedthomas
tracytc03
mumboju89961936
Shelda21246445
RidgeKayser
RainHuang6
Len47825792
LynnPat74089403
maggie805ca
notsips
GordonTrema
NvJohansson
davf83
ADeplorable45
Dvscott81Scott
America1stMae
KematchDwight
cajunger
KimWelzenbach
MikeWebbNow
TiffanyForTrump
ImDanielAddison
Cincy_boy_03
land_terri
buckeyeboy68
RitaJoh19484623
ValB3470
yogi141973
JennyDees7
BeiermanRosalyn
ltc1979nurse
strangehimself
PaulKilich1
michell70375317
KAGmonCheri
robinsonfaith20
Drewseph_913
Navy_Shellback
BigFish3000
Beverly29569280
Megavolts001
Flt_Ad_Harrison
PatriotMarie
HelloTeamTrump
JustinGil10
gerfingerpoken
JTrentkemp1
1flexaholic
sunbeltgirl
realjoesmoke
Libertywins1776
Drex_36
Babasfarmlife
busylizzie48
Zanoliza
ghostrider050
cparham65
OneVoiceUS
dalecanfixit
DaveCooperfone
BibleBeltDarlin
e3f3c53fc7ae44e
mundyspeaks
frnotas
freefol0wers
maoda2001
DeborahDarling3
TheSWPrincess
Eduardo46594921
iamnotsorry1776
livindeadinsane
RobertS42928336
VotingFemaIe
RhondaB77814630
clwigner
OumaJos03103557
UberDick
Peter46768859
TwitmanChris
PEDRAMGANJI1
R_Canaway
Crystal84699216
Kushh_3Hunna
Ab92006911
pooya25737138
pojo_marcos
KennethBartlet9
flemingcory427
HolmesCarolyn23
adamm6556
LindaForAmerica
Str8Jack3t
LeslieAdair83
KRAofMD
inishagupta1289
ziancyianncy
mcor08536429
will2904sanchez
GauVox
Frank37713316
dizzy1369
DarkVoid255
Mariatweets3
CICeider
Gu1400
AngelRoshul
Patriotism705
REALWYHEAD
cecimachado74
gajohnson74
wealthbankgroup
leileiheart
FORTNlTEKSA5
infocycle77
rkrzjg
ImReganSmiley
OpinionPulp
TGCAdventure
bachan1975
BDisandri
salimsayyed5680
drazulYT
TwistedOne96
AChaiython
Majd25471445
tahira64712792
karenward8521
53kalevasJanice
RyushinMalone
MjLeehoo1984
JPW3775
hawk_killer
America_1st_NOW
rieth_damon
KirkGoodman8
NiteMare817
muzaffarsyam
KARIMMADJRI
khedhris
ThomasW38406596
UWS_DWF_USA
perossmeisl
denuto_heather
VetWithACause
beguesgirl
DataGenesis
JoanofAmerica
KnauffMark
Mohamme34464114
dawnmeadelaw
1Nlt4ever
jkorakas
KeithWin7
Josal87
BShyambabu007
uU0dfX68Sw9Qy1s
deanbc1
PaulieD55
TopNaijaMusic
fw_hp1
emilyava666
BlogUSA2018
darkmattr2
AdongoLeah
